2002f,红眼,,10 types
2004f,红眼,,10 types
2006f,红眼,,11 types
2008f,红眼,,9 types
2010f,红眼,,9 types
2012f,红眼,,9 types
2014f,红眼,,10 types
2016f,红眼,,9 types
2018f,,橄榄,9 types
2020f,红眼,,10 types
2022f,红眼,,9 types
2024f,红眼,,11 types
2026f,,橄榄,9 types
2028f,,橄榄,11 types
2030f,红眼,,10 types
2032f,红眼,,9 types
2034f,,橄榄,10 types
2036f,,橄榄,10 types
2038f,红眼,,9 types
2040f,,橄榄,10 types
2042f,红眼,,9 types
2044f,,橄榄,9 types
2046f,,橄榄,10 types
2048f,,橄榄,10 types
2050f,红眼,,10 types
2052f,红眼,,10 types
2054f,红眼,,10 types
2056f,,橄榄,9 types
2058f,,橄榄,10 types
2060f,红眼,,9 types
2062f,,橄榄,9 types
2064f,,橄榄,11 types
2066f,,橄榄,10 types
